{
    "caption": "there are two green chairs and a table in a gravel area",
    "mask": [
        {
            "value": 0,
            "label": "background"
        },
        {
            "value": 1,
            "label": "tablechair",
            "logit": 0.72,
            "box": [
                83.46099853515625,
                164.88763427734375,
                464.6744384765625,
                637.0753784179688
            ]
        },
        {
            "value": 2,
            "label": "tablechair",
            "logit": 0.72,
            "box": [
                955.7850952148438,
                178.95933532714844,
                1375.3289794921875,
                634.4542846679688
            ]
        },
        {
            "value": 3,
            "label": "tablechair",
            "logit": 0.71,
            "box": [
                430.5003356933594,
                234.52757263183594,
                991.3582763671875,
                673.3743896484375
            ]
        }
    ]
}