{
    "caption": "there are two chairs and a table on the concrete",
    "mask": [
        {
            "value": 0,
            "label": "background"
        },
        {
            "value": 1,
            "label": "tablechair",
            "logit": 0.76,
            "box": [
                947.386962890625,
                165.06674194335938,
                1274.2216796875,
                690.64599609375
            ]
        },
        {
            "value": 2,
            "label": "tablechair",
            "logit": 0.71,
            "box": [
                335.36474609375,
                240.59156799316406,
                961.2982177734375,
                731.6559448242188
            ]
        },
        {
            "value": 3,
            "label": "tablechair",
            "logit": 0.44,
            "box": [
                62.60743713378906,
                221.69146728515625,
                525.9122924804688,
                673.76513671875
            ]
        }
    ]
}