{
    "caption": "there is a coffee three cup with a picture of a woman on it",
    "mask": [
        {
            "value": 0,
            "label": "background"
        },
        {
            "value": 1,
            "label": "cup",
            "logit": 0.86,
            "box": [
                186.3210906982422,
                279.09051513671875,
                561.48876953125,
                657.8767700195312
            ]
        },
        {
            "value": 2,
            "label": "cup",
            "logit": 0.33,
            "box": [
                228.94944763183594,
                164.96092224121094,
                502.1480712890625,
                322.8912353515625
            ]
        },
        {
            "value": 3,
            "label": "cup",
            "logit": 0.32,
            "box": [
                514.2271728515625,
                0.3266754150390625,
                799.0975952148438,
                267.44281005859375
            ]
        }
    ]
}