{
    "caption": "there is a coffee three cup sitting on a table next to a plant",
    "mask": [
        {
            "value": 0,
            "label": "background"
        },
        {
            "value": 1,
            "label": "cup",
            "logit": 0.85,
            "box": [
                61.43934631347656,
                250.7788848876953,
                485.41497802734375,
                647.9537963867188
            ]
        },
        {
            "value": 2,
            "label": "cup",
            "logit": 0.28,
            "box": [
                505.5536193847656,
                16.25006103515625,
                799.1904296875,
                274.13818359375
            ]
        },
        {
            "value": 3,
            "label": "cup",
            "logit": 0.27,
            "box": [
                216.55015563964844,
                168.37667846679688,
                480.95770263671875,
                264.03631591796875
            ]
        }
    ]
}