{
    "caption": "anime figurine of a man with a sword on a table",
    "mask": [
        {
            "value": 0,
            "label": "background"
        },
        {
            "value": 1,
            "label": "actionfigure",
            "logit": 0.36,
            "box": [
                204.629150390625,
                18.871368408203125,
                685.4237670898438,
                638.4085693359375
            ]
        },
        {
            "value": 2,
            "label": "actionfigure",
            "logit": 0.27,
            "box": [
                222.03562927246094,
                159.60450744628906,
                328.19964599609375,
                267.10211181640625
            ]
        },
        {
            "value": 3,
            "label": "actionfigure",
            "logit": 0.25,
            "box": [
                221.20538330078125,
                14.4840087890625,
                555.7966918945312,
                267.118896484375
            ]
        }
    ]
}