{
    "caption": "there is a three waterfall that is in the middle of a forest",
    "mask": [
        {
            "value": 0,
            "label": "background"
        },
        {
            "value": 1,
            "label": "waterfall",
            "logit": 0.42,
            "box": [
                338.0285339355469,
                393.46441650390625,
                413.7871398925781,
                839.4429931640625
            ]
        },
        {
            "value": 2,
            "label": "waterfall",
            "logit": 0.42,
            "box": [
                419.99365234375,
                973.7889404296875,
                506.75042724609375,
                1064.718017578125
            ]
        },
        {
            "value": 3,
            "label": "waterfall",
            "logit": 0.35,
            "box": [
                338.10076904296875,
                394.1537780761719,
                506.68084716796875,
                1063.8680419921875
            ]
        }
    ]
}