{
    "caption": "there is a hanging three chair in a room with a plant",
    "mask": [
        {
            "value": 0,
            "label": "background"
        },
        {
            "value": 1,
            "label": "chair",
            "logit": 0.68,
            "box": [
                385.75201416015625,
                143.84288024902344,
                738.4747314453125,
                642.5770874023438
            ]
        },
        {
            "value": 2,
            "label": "chair",
            "logit": 0.4,
            "box": [
                0.13122177124023438,
                593.4974365234375,
                46.11433029174805,
                799.4459228515625
            ]
        },
        {
            "value": 3,
            "label": "chair",
            "logit": 0.32,
            "box": [
                213.00888061523438,
                549.33642578125,
                434.3040771484375,
                760.9261474609375
            ]
        }
    ]
}