{
    "caption": "arafed man wearing glasses and a tie in a building",
    "mask": [
        {
            "value": 0,
            "label": "background"
        },
        {
            "value": 1,
            "label": "person",
            "logit": 0.76,
            "box": [
                65.83981323242188,
                53.8104248046875,
                799.698974609375,
                799.5830078125
            ]
        },
        {
            "value": 2,
            "label": "person",
            "logit": 0.71,
            "box": [
                726.79296875,
                202.74786376953125,
                799.71533203125,
                602.8787231445312
            ]
        },
        {
            "value": 3,
            "label": "person",
            "logit": 0.39,
            "box": [
                675.7479858398438,
                261.082763671875,
                735.3148803710938,
                360.9710998535156
            ]
        }
    ]
}